cluster_id,n_nodes,n_seed,sum_kzt_internal,top_gids,hypothesis,stability,seed_kzt_origin,seed_kzt_kept,lead_gid,lead_role
1,278,1,31237334.239999998,100000004299488100;100000008094734100;100000007055802100;100000002826669100;100000004962193100,"Гипотеза: веерная рассылка денег seed: 100000006866783100 отправил ≈3,9 млн ₸ 67 получателям; осело у 58 участников, у крупнейшего — 9%. Seed: 1; роли: сбор 25, веер 22, транзит 10, конечный получатель 38; устойчивость 0,91. Не доказательство общей деятельности.",0.906574000,3895690.560382524,3309374.913896041,100000004299488100,consolidator
2,270,1,10178044.000000000,100000003942602100;100000001697501100;100000001952325100;100000008737422100;100000004792397100,"Гипотеза: веерная рассылка денег seed: 100000002527114100 отправил ≈3,3 млн ₸ 111 получателям; осело у 111 участников, у крупнейшего — 2%. Seed: 1; роли: веер 3, транзит 3, конечный получатель 4; устойчивость 1,00. Не доказательство общей деятельности.",1.000000000,3289249.000000000,3289249.000000000,100000003942602100,transit
3,138,3,18838290.000000000,100000001072022100;100000003684369100;100000001527186100;100000008165763100;100000003131693100,"Гипотеза: веерная рассылка денег seed: 100000003684369100 отправил ≈8,6 млн ₸ 62 получателям; осело у 64 участников, у крупнейшего — 10%. Seed: 3; роли: координация 2, сбор 3, веер 7, транзит 3, конечный получатель 32; устойчивость 0,89. Не доказательство общей деятельности.",0.888712000,9351441.590516489,7558405.607579544,100000001072022100,consolidator
4,133,0,17433528.000000000,100000007908818100;100000004679953100;100000008603629100;100000000661912100;100000003366471100,"Гипотеза: сбор денег seed в 100000007908818100 (координация): 62% из ≈675 тыс. ₸, осевших в кластере. Seed: 0; роли: координация 1, сбор 2, веер 6, транзит 3, конечный получатель 30; устойчивость 0,80. Не доказательство общей деятельности.",0.802841000,0.000000000,674856.984735840,100000007908818100,coordinator
5,127,7,18414962.280000001,100000004019124100;100000001530983100;100000002939838100;100000001567366100;100000007777377100,"Гипотеза: веерная рассылка денег seed: 100000003016635100 отправил ≈9,4 млн ₸ 73 получателям; осело у 74 участников, у крупнейшего — 9%. Seed: 7; роли: координация 1, сбор 6, веер 10, транзит 5, конечный получатель 28; устойчивость 0,96. Не доказательство общей деятельности.",0.963080000,9555028.146978831,9159434.845830413,100000004019124100,consolidator
6,126,0,24907250.329999998,100000006889963100;100000006755850100;100000001330685100;100000008747113100;100000000331309100,"Гипотеза: сбор денег seed в 100000006889963100 (сбор): 42% из ≈873 тыс. ₸, осевших в кластере. Seed: 0; роли: сбор 7, веер 4, транзит 3, конечный получатель 41; устойчивость 0,98. Не доказательство общей деятельности.",0.984948000,0.000000000,873050.715619393,100000006889963100,consolidator
7,106,4,16242879.020000000,100000004015047100;100000002894076100;100000001411870100;100000001929088100;100000005778283100,"Гипотеза: веерная рассылка денег seed: 100000007747786100 отправил ≈4,2 млн ₸ 31 получателю; осело у 57 участников, у крупнейшего — 13%. Seed: 4; роли: сбор 7, веер 5, транзит 4, конечный получатель 19; устойчивость 0,75. Не доказательство общей деятельности.",0.746827000,6957767.835100797,6467104.497767362,100000004015047100,consolidator
8,106,0,6254194.670000000,100000005473151100;100000006707582100;100000000850297100;100000008335401100;100000001484381100,"Гипотеза: окружение крупного плательщика 100000008545727100: 91% выхода участников — не из наблюдаемой сети; денег seed ≈96 тыс. ₸. Seed: 0; роли: сбор 1, веер 5, транзит 2, конечный получатель 59; устойчивость 0,73. Не доказательство общей деятельности.",0.726804000,0.000000000,96100.000000000,100000005473151100,peripheral
9,104,1,21747439.590000000,100000006972210100;100000002838861100;100000002958286100;100000002615479100;100000001162560100,"Гипотеза: веерная рассылка денег seed: 100000005498992100 отправил ≈2,3 млн ₸ 16 получателям; осело у 17 участников, у крупнейшего — 21%. Seed: 1; роли: сбор 13, веер 8, транзит 1, конечный получатель 54; устойчивость 0,65. Не доказательство общей деятельности.",0.653666000,2262868.000000000,2374742.063317132,100000006972210100,consolidator
10,56,3,13397542.000000000,100000001732159100;100000003404627100;100000008637537100;100000008232832100;100000008314203100,"Гипотеза: сбор денег seed в 100000001732159100 (координация): 44% из ≈2,0 млн ₸, осевших в кластере. Seed: 3; роли: координация 2, сбор 3, веер 6, транзит 2, конечный получатель 15; устойчивость 0,50. Не доказательство общей деятельности.",0.497457000,1989010.000000000,2045010.000000001,100000001732159100,coordinator
11,53,1,2993313.000000000,100000003265158100;100000004692798100;100000002757797100;100000007242833100;100000002973903100,"Гипотеза: веерная рассылка денег seed: 100000008680731100 отправил ≈1,5 млн ₸ 27 получателям; осело у 28 участников, у крупнейшего — 14%. Seed: 1; роли: сбор 2, веер 2, транзит 3, конечный получатель 2; устойчивость 0,94. Не доказательство общей деятельности.",0.941063000,1464354.000000000,1394660.936231884,100000003265158100,transit
12,53,1,5947339.000000000,100000003115284100;100000002957306100;100000000343175100;100000002596035100;100000002618492100,"Гипотеза: веерная рассылка денег seed: 100000000343175100 отправил ≈4,0 млн ₸ 31 получателю; осело у 30 участников, у крупнейшего — 16%. Seed: 1; роли: координация 1, сбор 2, транзит 4, конечный получатель 11; устойчивость 0,82. Не доказательство общей деятельности.",0.816463000,3930991.129777717,3839121.285068591,100000003115284100,consolidator
13,52,5,4171441.000000000,100000005074393100;100000008346837100;100000005493505100;100000005882013100;100000004004621100,"Гипотеза: сбор денег seed в 100000005074393100 (координация): 35% из ≈300 тыс. ₸, осевших в кластере. Seed: 5; роли: координация 2, сбор 3, веер 1, транзит 1, конечный получатель 5; устойчивость 0,96. Не доказательство общей деятельности.",0.959628000,10000.000000000,300365.051343065,100000005074393100,coordinator
14,51,0,13990812.000000000,100000002670860100;100000002443664100;100000005242320100;100000001282143100;100000001584286100,"Гипотеза: сбор денег seed в 100000002670860100 (конечный получатель): 75% из ≈267 тыс. ₸, осевших в кластере. Seed: 0; роли: сбор 4, веер 4, конечный получатель 28; устойчивость 0,96. Не доказательство общей деятельности.",0.962955000,0.000000000,266996.486686872,100000002670860100,terminal
15,44,0,10215968.840000000,100000004905207100;100000001937767100;100000004159526100;100000002633108100;100000005933757100,"Гипотеза: сбор денег seed в 100000004159526100 (периферия): 51% из ≈162 тыс. ₸, осевших в кластере. Seed: 0; роли: сбор 1, веер 2, конечный получатель 4; устойчивость 1,00. Не доказательство общей деятельности.",1.000000000,0.000000000,161500.849220796,100000004905207100,terminal
16,41,1,4209955.280000000,100000004156082100;100000004820260100;100000002605184100;100000008188026100;100000000795129100,"Гипотеза: сбор денег seed в 100000002605184100 (конечный получатель): 33% из ≈104 тыс. ₸, осевших в кластере. Seed: 1; роли: координация 1, сбор 1, транзит 3, конечный получатель 7; устойчивость 0,86. Не доказательство общей деятельности.",0.861789000,0.000000000,103791.903066683,100000004156082100,coordinator
17,41,0,5151924.189999999,100000008221543100;100000006225798100;100000002570206100;100000003964910100;100000003060517100,"Гипотеза: окружение крупного плательщика 100000003242289100: 74% выхода участников — не из наблюдаемой сети; денег seed ≈20 тыс. ₸. Seed: 0; роли: веер 3, конечный получатель 6; устойчивость 0,98. Не доказательство общей деятельности.",0.982222000,0.000000000,20000.000000000,100000008221543100,terminal
18,30,0,8045494.000000000,100000007229557100;100000005527892100;100000008743913100;100000001141268100;100000001714173100,"Гипотеза: окружение крупного плательщика 100000008710843100: 84% выхода участников — не из наблюдаемой сети; денег seed ≈54 тыс. ₸. Seed: 0; роли: сбор 3, веер 4, конечный получатель 12; устойчивость 0,87. Не доказательство общей деятельности.",0.869444000,0.000000000,54053.895553606,100000007229557100,consolidator
19,30,1,6513430.000000000,100000001690558100;100000003854444100;100000008546855100;100000008582730100;100000006274203100,"Гипотеза: окружение крупного плательщика 100000007594394100: 89% выхода участников — не из наблюдаемой сети; денег seed ≈24 тыс. ₸. Seed: 1; роли: сбор 2, веер 1, транзит 2, конечный получатель 9; устойчивость 1,00. Не доказательство общей деятельности.",1.000000000,0.000000000,23833.145330450,100000001690558100,terminal
20,26,14,2289450.000000000,100000005382566100;100000008516839100;100000004403675100;100000005523088100;100000005668605100,"Гипотеза: сбор денег seed в 100000005523088100 (периферия): 52% из ≈1,4 млн ₸, осевших в кластере. Seed: 14; роли: координация 1, сбор 3, веер 1; устойчивость 1,00. Не доказательство общей деятельности.",1.000000000,1295616.000000000,1356309.000000000,100000005382566100,consolidator
21,20,0,617900.000000000,100000002448088100;100000003154105100;100000001427082100;100000000655469100;100000000723383100,"Гипотеза: окружение крупного плательщика 100000003154105100: 84% выхода участников — не из наблюдаемой сети; денег seed не видно. Seed: 0; роли: сбор 1, веер 2; устойчивость 1,00. Не доказательство общей деятельности.",1.000000000,0.000000000,3026.252046100,100000002448088100,consolidator
22,18,0,3422800.000000000,100000003701161100;100000003104347100;100000008137435100;100000002267998100;100000008238989100,"Гипотеза: сбор денег seed в 100000003701161100 (периферия): 71% из ≈252 тыс. ₸, осевших в кластере. Seed: 0; роли: веер 1, конечный получатель 5; устойчивость 1,00. Не доказательство общей деятельности.",1.000000000,0.000000000,252009.000000000,100000003701161100,peripheral
23,17,1,21586840.000000000,100000004399686100;100000003835149100;100000001965374100;100000005474472100;100000000552584100,"Гипотеза: сбор денег seed в 100000004399686100 (конечный получатель): 73% из ≈314 тыс. ₸, осевших в кластере. Seed: 1; роли: конечный получатель 7; устойчивость 1,00. Не доказательство общей деятельности.",1.000000000,297000.000000000,314000.000000000,100000004399686100,terminal
24,17,1,2977887.000000000,100000004144536100;100000003031890100;100000003603979100;100000002731501100;100000002257794100,"Гипотеза: сбор денег seed в 100000004144536100 (сбор): 79% из ≈146 тыс. ₸, осевших в кластере. Seed: 1; роли: сбор 2, веер 2, конечный получатель 5; устойчивость 1,00. Не доказательство общей деятельности.",1.000000000,146419.606699609,146419.606699609,100000004144536100,consolidator
25,15,0,850450.000000000,100000002472632100;100000001526235100;100000005505655100;100000001788284100;100000000404740100,"Гипотеза: окружение крупного плательщика 100000001526235100: 86% выхода участников — не из наблюдаемой сети; денег seed ≈13 тыс. ₸. Seed: 0; роли: веер 2, конечный получатель 1; устойчивость 1,00. Не доказательство общей деятельности.",1.000000000,0.000000000,13070.000000000,100000002472632100,terminal
26,15,0,3626010.000000000,100000001819396100;100000002691583100;100000003122817100;100000006704530100;100000008461532100,"Гипотеза: окружение крупного плательщика 100000008461532100: 88% выхода участников — не из наблюдаемой сети; денег seed не видно. Seed: 0; роли: веер 1, транзит 1, конечный получатель 3; устойчивость 1,00. Не доказательство общей деятельности.",1.000000000,0.000000000,617.154143064,100000001819396100,terminal
27,15,0,3436955.000000000,100000001985793100;100000002152857100;100000005171642100;100000002459093100;100000006664478100,"Гипотеза: сбор денег seed в 100000001985793100 (конечный получатель): 58% из ≈106 тыс. ₸, осевших в кластере. Seed: 0; роли: сбор 1, веер 2, транзит 2, конечный получатель 2; устойчивость 0,58. Не доказательство общей деятельности.",0.576621000,0.000000000,105932.866754466,100000001985793100,terminal
28,14,0,1605604.000000000,100000008213966100;100000000838385100;100000003001661100;100000007382543100;100000000424935100,"Гипотеза: веерная рассылка от 100000007382543100 на 5 получателей; денег seed ≈28 тыс. ₸. Seed: 0; роли: сбор 1, веер 2; устойчивость 0,98. Не доказательство общей деятельности.",0.979167000,0.000000000,27852.459016393,100000008213966100,consolidator
29,13,1,1392916.000000000,100000000703894100;100000001380054100;100000003164661100;100000005077484100;100000000607731100,"Гипотеза: сбор денег seed в 100000000703894100 (периферия): 40% из ≈296 тыс. ₸, осевших в кластере. Seed: 1; роли: веер 1, конечный получатель 2; устойчивость 1,00. Не доказательство общей деятельности.",1.000000000,296500.000000000,296500.000000000,100000000703894100,peripheral
30,13,0,6748650.000000000,100000002454724100;100000002911170100;100000000821507100;100000001961048100;100000006567935100,"Гипотеза: окружение крупного плательщика 100000007442518100: 87% выхода участников — не из наблюдаемой сети; денег seed ≈6 тыс. ₸. Seed: 0; роли: веер 2, конечный получатель 6; устойчивость 1,00. Не доказательство общей деятельности.",1.000000000,0.000000000,6006.578913386,100000002454724100,terminal
31,11,0,3784703.000000000,100000002710570100;100000003004487100;100000002975437100;100000002212494100;100000002175422100,"Гипотеза: окружение крупного плательщика 100000001317336100: 89% выхода участников — не из наблюдаемой сети; денег seed ≈48 тыс. ₸. Seed: 0; роли: сбор 1, веер 1, конечный получатель 3; устойчивость 1,00. Не доказательство общей деятельности.",1.000000000,0.000000000,47967.000000000,100000002710570100,terminal
32,10,0,322010.000000000,100000000993112100;100000008172352100;100000007322059100;100000004552204100;100000001597505100,"Гипотеза: окружение крупного плательщика 100000008172352100: 65% выхода участников — не из наблюдаемой сети; денег seed ≈43 тыс. ₸. Seed: 0; роли: веер 1, конечный получатель 1; устойчивость 0,95. Не доказательство общей деятельности.",0.953968000,0.000000000,43000.000000000,100000000993112100,terminal
33,10,0,1727065.000000000,100000005519998100;100000004076740100;100000004336312100;100000004017410100;100000005932987100,"Гипотеза: окружение крупного плательщика 100000004017410100: 70% выхода участников — не из наблюдаемой сети; денег seed ≈41 тыс. ₸. Seed: 0; роли: веер 2, транзит 2, конечный получатель 1; устойчивость 0,97. Не доказательство общей деятельности.",0.970833000,0.000000000,41397.540983607,100000005519998100,transit
34,9,0,1406982.000000000,100000007647294100;100000002217161100;100000000783406100;100000000954884100;100000001445848100,"Гипотеза: окружение крупного плательщика 100000002217161100: 58% выхода участников — не из наблюдаемой сети; денег seed не видно. Seed: 0; роли: веер 1, конечный получатель 1; устойчивость 1,00. Не доказательство общей деятельности.",1.000000000,0.000000000,0.000000000,100000007647294100,terminal
35,8,0,2473417.910000000,100000004906181100;100000000542087100;100000000557536100;100000000673915100;100000004911971100,"Гипотеза: окружение крупного плательщика 100000004906181100: 96% выхода участников — не из наблюдаемой сети; денег seed не видно. Seed: 0; роли: веер 1; устойчивость 1,00. Не доказательство общей деятельности.",1.000000000,0.000000000,0.000000000,100000004906181100,distributor
36,8,0,389000.000000000,100000005507142100;100000005264874100;100000000600707100;100000001825934100;100000002130400100,"Гипотеза: окружение крупного плательщика 100000002612809100: 83% выхода участников — не из наблюдаемой сети; денег seed ≈23 тыс. ₸. Seed: 0; роли: нет; устойчивость 1,00. Не доказательство общей деятельности.",1.000000000,0.000000000,23000.000000000,100000005507142100,peripheral
37,7,0,143000.000000000,100000000507799100;100000005911352100;100000002217806100;100000003962994100;100000004508696100,"Гипотеза: окружение крупного плательщика 100000004508696100: 85% выхода участников — не из наблюдаемой сети; денег seed ≈5 тыс. ₸. Seed: 0; роли: нет; устойчивость 1,00. Не доказательство общей деятельности.",1.000000000,0.000000000,5132.000000000,100000000507799100,peripheral
38,7,0,3077000.000000000,100000002241986100;100000000627521100;100000001053894100;100000001286703100;100000002594214100,"Гипотеза: окружение крупного плательщика 100000002241986100: 100% выхода участников — не из наблюдаемой сети; денег seed не видно. Seed: 0; роли: веер 1; устойчивость 1,00. Не доказательство общей деятельности.",1.000000000,0.000000000,0.000000000,100000002241986100,distributor
39,7,0,1765600.000000000,100000007392365100;100000003631015100;100000004976946100;100000005745873100;100000006351075100,"Гипотеза: окружение крупного плательщика 100000007392365100: 99% выхода участников — не из наблюдаемой сети; денег seed не видно. Seed: 0; роли: веер 1; устойчивость 1,00. Не доказательство общей деятельности.",1.000000000,0.000000000,0.000000000,100000007392365100,distributor
40,7,0,1268308.000000000,100000008011159100;100000003664994100;100000003888527100;100000005754335100;100000006169033100,"Гипотеза: окружение крупного плательщика 100000006169033100: 84% выхода участников — не из наблюдаемой сети; денег seed ≈6 тыс. ₸. Seed: 0; роли: веер 1; устойчивость 1,00. Не доказательство общей деятельности.",1.000000000,0.000000000,6339.530425003,100000008011159100,distributor
41,6,1,1615030.000000000,100000005456919100;100000008751429100;100000008736940100;100000008193577100;100000000307908100,"Гипотеза: сбор денег seed в 100000008751429100 (сбор): 34% из ≈795 тыс. ₸, осевших в кластере. Seed: 1; роли: сбор 1, веер 1, конечный получатель 1; устойчивость 1,00. Не доказательство общей деятельности.",1.000000000,794791.759465804,794791.759465804,100000005456919100,terminal
42,6,1,1527967.000000000,100000005183943100;100000007939160100;100000003888271100;100000000955444100;100000000580561100,"Гипотеза: сбор денег seed в 100000007939160100 (конечный получатель): 54% из ≈1,5 млн ₸, осевших в кластере. Seed: 1; роли: конечный получатель 2; устойчивость 1,00. Не доказательство общей деятельности.",1.000000000,1482500.000000000,1482500.000000000,100000005183943100,terminal
43,6,0,2540000.000000000,100000004717647100;100000001533161100;100000002659103100;100000002922000100;100000004479404100,"Гипотеза: окружение крупного плательщика 100000004717647100: 86% выхода участников — не из наблюдаемой сети; денег seed не видно. Seed: 0; роли: веер 1; устойчивость 1,00. Не доказательство общей деятельности.",1.000000000,0.000000000,4342.228112364,100000004717647100,distributor
44,6,1,275885.000000000,100000005895525100;100000002462183100;100000005056870100;100000007175718100;100000005485830100,"Гипотеза: сбор денег seed в 100000005895525100 (конечный получатель): 43% из ≈276 тыс. ₸, осевших в кластере. Seed: 1; роли: веер 1, конечный получатель 2; устойчивость 1,00. Не доказательство общей деятельности.",1.000000000,275885.000000000,275885.000000000,100000005895525100,terminal
45,6,0,2534500.000000000,100000003747133100;100000004722765100;100000005075949100;100000002578653100;100000004272302100,"Гипотеза: окружение крупного плательщика 100000004722765100: 84% выхода участников — не из наблюдаемой сети; денег seed ≈13 тыс. ₸. Seed: 0; роли: сбор 1; устойчивость 0,95. Не доказательство общей деятельности.",0.952326000,0.000000000,12614.207099687,100000003747133100,consolidator
46,6,0,720900.000000000,100000002794374100;100000006638021100;100000007472293100;100000008333492100;100000008761219100,"Гипотеза: окружение крупного плательщика 100000008761219100: 92% выхода участников — не из наблюдаемой сети; денег seed не видно. Seed: 0; роли: нет; устойчивость 0,92. Не доказательство общей деятельности.",0.919355000,0.000000000,0.000000000,100000002794374100,peripheral
47,6,1,383300.000000000,100000004094958100;100000004331458100;100000005546031100;100000005363908100;100000005547096100,"Гипотеза: окружение крупного плательщика 100000005547096100: 59% выхода участников — не из наблюдаемой сети; денег seed ≈90 тыс. ₸. Seed: 1; роли: сбор 1, транзит 2, конечный получатель 1; устойчивость 1,00. Не доказательство общей деятельности.",1.000000000,89500.000000000,89500.000000000,100000004094958100,transit
48,5,0,1189154.000000000,100000000291906100;100000000291908100;100000004670388100;100000004691350100;100000004722630100,"Гипотеза: окружение крупного плательщика 100000004670388100: 77% выхода участников — не из наблюдаемой сети; денег seed ≈8 тыс. ₸. Seed: 0; роли: транзит 1, конечный получатель 1; устойчивость 1,00. Не доказательство общей деятельности.",1.000000000,0.000000000,8000.000000000,100000000291906100,transit
49,5,0,172000.000000000,100000001223977100;100000002700161100;100000004659919100;100000005031696100;100000008461217100,"Гипотеза: окружение крупного плательщика 100000005031696100: 72% выхода участников — не из наблюдаемой сети; денег seed не видно. Seed: 0; роли: нет; устойчивость 1,00. Не доказательство общей деятельности.",1.000000000,0.000000000,0.000000000,100000001223977100,peripheral
50,5,0,338950.000000000,100000004715209100;100000001498732100;100000003133045100;100000004747154100;100000008190411100,"Гипотеза: окружение крупного плательщика 100000004715209100: 99% выхода участников — не из наблюдаемой сети; денег seed не видно. Seed: 0; роли: веер 1; устойчивость 0,80. Не доказательство общей деятельности.",0.799124000,0.000000000,0.000000000,100000004715209100,distributor
51,5,0,1138730.000000000,100000002371892100;100000003321895100;100000003692843100;100000007330432100;100000008430691100,"Гипотеза: окружение крупного плательщика 100000008430691100: 96% выхода участников — не из наблюдаемой сети; денег seed не видно. Seed: 0; роли: нет; устойчивость 0,64. Не доказательство общей деятельности.",0.635489000,0.000000000,0.000000000,100000002371892100,peripheral
52,5,1,2809200.000000000,100000004135268100;100000007507343100;100000004979498100;100000002738256100;100000008571433100,"Гипотеза: сбор денег seed в 100000004135268100 (транзит): 39% из ≈1,4 млн ₸, осевших в кластере. Seed: 1; роли: транзит 2, конечный получатель 1; устойчивость 1,00. Не доказательство общей деятельности.",1.000000000,1434000.000000000,1434000.000000000,100000004135268100,transit
53,5,2,108007.000000000,100000006562026100;100000007347733100;100000008129393100;100000006249740100;100000006831291100,"Гипотеза: сбор денег seed в 100000006562026100 (конечный получатель): 69% из ≈108 тыс. ₸, осевших в кластере. Seed: 2; роли: конечный получатель 1; устойчивость 1,00. Не доказательство общей деятельности.",1.000000000,108007.000000000,108007.000000000,100000006562026100,terminal
54,4,0,460000.000000000,100000006069103100;100000000201868100;100000003192220100;100000006787636100,"Слабые признаки роли; денег seed ≈37 тыс. ₸. Seed: 0; роли: транзит 2; устойчивость 0,37. Не доказательство общей деятельности.",0.369835000,0.000000000,36883.916021581,100000006069103100,transit
55,4,0,518000.000000000,100000003163886100;100000000629812100;100000001380107100;100000002205022100,"Гипотеза: окружение крупного плательщика 100000002205022100: 99% выхода участников — не из наблюдаемой сети; денег seed не видно. Seed: 0; роли: конечный получатель 1; устойчивость 1,00. Не доказательство общей деятельности.",1.000000000,0.000000000,0.000000000,100000003163886100,terminal
56,4,1,1404980.000000000,100000001872484100;100000000785800100;100000002459163100;100000008601794100,"Гипотеза: сбор денег seed в 100000008601794100 (периферия): 55% из ≈835 тыс. ₸, осевших в кластере. Seed: 1; роли: транзит 1; устойчивость 1,00. Не доказательство общей деятельности.",1.000000000,835000.000000000,835000.000000000,100000001872484100,peripheral
57,4,0,1595700.000000000,100000001052945100;100000001131403100;100000004616845100;100000005146665100,"Гипотеза: окружение крупного плательщика 100000001052945100: 96% выхода участников — не из наблюдаемой сети; денег seed не видно. Seed: 0; роли: нет; устойчивость 1,00. Не доказательство общей деятельности.",1.000000000,0.000000000,0.000000000,100000001052945100,peripheral
58,4,1,79050.000000000,100000003148220100;100000001852140100;100000004971871100;100000006888238100,"Гипотеза: окружение крупного плательщика 100000003148220100: 86% выхода участников — не из наблюдаемой сети; денег seed ≈6 тыс. ₸. Seed: 1; роли: нет; устойчивость 1,00. Не доказательство общей деятельности.",1.000000000,5650.000000000,5650.000000000,100000003148220100,peripheral
59,4,0,332709.000000000,100000002513028100;100000002516862100;100000004610802100;100000004780083100,"Гипотеза: окружение крупного плательщика 100000002513028100: 100% выхода участников — не из наблюдаемой сети; денег seed не видно. Seed: 0; роли: нет; устойчивость 1,00. Не доказательство общей деятельности.",1.000000000,0.000000000,0.000000000,100000002513028100,peripheral
60,4,2,1499679.000000000,100000008418835100;100000008730021100;100000008701944100;100000004269433100,"Гипотеза: сбор денег seed в 100000008418835100 (периферия): 90% из ≈1,3 млн ₸, осевших в кластере. Seed: 2; роли: конечный получатель 1; устойчивость 0,37. Не доказательство общей деятельности.",0.369347000,1372000.000000000,1313500.000000000,100000008418835100,peripheral
61,3,1,450000.000000000,100000000769919100;100000002371751100;100000007018630100,"Гипотеза: сбор денег seed в 100000000769919100 (конечный получатель): 100% из ≈200 тыс. ₸, осевших в кластере. Seed: 1; роли: конечный получатель 1; устойчивость 1,00. Не доказательство общей деятельности.",1.000000000,200000.000000000,200000.000000000,100000000769919100,terminal
62,3,1,390167.620000000,100000002781227100;100000002796853100;100000008522127100,"Гипотеза: сбор денег seed в 100000002796853100 (периферия): 97% из ≈133 тыс. ₸, осевших в кластере. Seed: 1; роли: транзит 1; устойчивость 0,90. Не доказательство общей деятельности.",0.903806000,145000.000000000,133357.510683761,100000002781227100,transit
63,3,0,1557988.000000000,100000004035925100;100000008258458100;100000008619159100,"Гипотеза: окружение крупного плательщика 100000008258458100: 99% выхода участников — не из наблюдаемой сети; денег seed не видно. Seed: 0; роли: нет; устойчивость 1,00. Не доказательство общей деятельности.",1.000000000,0.000000000,0.000000000,100000004035925100,peripheral
64,3,1,450816.000000000,100000005034574100;100000007283257100;100000004388983100,"Гипотеза: сбор денег seed в 100000005034574100 (конечный получатель): 57% из ≈451 тыс. ₸, осевших в кластере. Seed: 1; роли: конечный получатель 2; устойчивость 1,00. Не доказательство общей деятельности.",1.000000000,450816.000000000,450816.000000000,100000005034574100,terminal
65,3,0,627870.000000000,100000005664632100;100000008628231100;100000004666651100,"Гипотеза: окружение крупного плательщика 100000008628231100: 92% выхода участников — не из наблюдаемой сети; денег seed ≈50 тыс. ₸. Seed: 0; роли: конечный получатель 2; устойчивость 1,00. Не доказательство общей деятельности.",1.000000000,0.000000000,50000.000000000,100000005664632100,terminal
66,2,0,761255.000000000,100000000583220100;100000004586598100,"Гипотеза: окружение крупного плательщика 100000000583220100: 99% выхода участников — не из наблюдаемой сети; денег seed не видно. Seed: 0; роли: нет; устойчивость 1,00. Не доказательство общей деятельности.",1.000000000,0.000000000,6.837309276,100000000583220100,peripheral
67,2,1,30000.000000000,100000003980083100;100000003200071100,"Слабые признаки роли; денег seed ≈30 тыс. ₸. Seed: 1; роли: нет; устойчивость 1,00. Не доказательство общей деятельности.",1.000000000,30000.000000000,30000.000000000,100000003980083100,peripheral
68,2,1,81465.000000000,100000003865939100;100000005392290100,"Слабые признаки роли; денег seed ≈81 тыс. ₸. Seed: 1; роли: нет; устойчивость 1,00. Не доказательство общей деятельности.",1.000000000,81465.000000000,81465.000000000,100000003865939100,peripheral
69,2,0,857500.000000000,100000008324800100;100000007390016100,"Слабые признаки роли; денег seed не видно. Seed: 0; роли: сбор 1; устойчивость 1,00. Не доказательство общей деятельности.",1.000000000,0.000000000,0.000000000,100000008324800100,consolidator
70,1,1,0.000000000,100000000456947100,Нет переводов в выгрузке; назначение неизвестно.,1.000000000,0.000000000,0.000000000,100000000456947100,peripheral
71,1,1,0.000000000,100000003265658100,Нет переводов в выгрузке; назначение неизвестно.,1.000000000,0.000000000,0.000000000,100000003265658100,peripheral
72,1,1,0.000000000,100000003349739100,Нет переводов в выгрузке; назначение неизвестно.,1.000000000,0.000000000,0.000000000,100000003349739100,peripheral
73,1,1,0.000000000,100000003770083100,Нет переводов в выгрузке; назначение неизвестно.,1.000000000,0.000000000,0.000000000,100000003770083100,peripheral
74,1,1,0.000000000,100000004021459100,Нет переводов в выгрузке; назначение неизвестно.,1.000000000,0.000000000,0.000000000,100000004021459100,peripheral
75,1,1,0.000000000,100000004174835100,Нет переводов в выгрузке; назначение неизвестно.,1.000000000,0.000000000,0.000000000,100000004174835100,peripheral
76,1,1,0.000000000,100000005017150100,Нет переводов в выгрузке; назначение неизвестно.,1.000000000,0.000000000,0.000000000,100000005017150100,peripheral
77,1,1,0.000000000,100000005087431100,Нет переводов в выгрузке; назначение неизвестно.,1.000000000,0.000000000,0.000000000,100000005087431100,peripheral
78,1,1,0.000000000,100000005235389100,Нет переводов в выгрузке; назначение неизвестно.,1.000000000,0.000000000,0.000000000,100000005235389100,peripheral
79,1,1,0.000000000,100000005480435100,Нет переводов в выгрузке; назначение неизвестно.,1.000000000,0.000000000,0.000000000,100000005480435100,peripheral
80,1,1,0.000000000,100000005495722100,Нет переводов в выгрузке; назначение неизвестно.,1.000000000,0.000000000,0.000000000,100000005495722100,peripheral
81,1,1,0.000000000,100000005550592100,Нет переводов в выгрузке; назначение неизвестно.,1.000000000,0.000000000,0.000000000,100000005550592100,peripheral
82,1,1,0.000000000,100000005560900100,Нет переводов в выгрузке; назначение неизвестно.,1.000000000,0.000000000,0.000000000,100000005560900100,peripheral
83,1,1,0.000000000,100000005568407100,Нет переводов в выгрузке; назначение неизвестно.,1.000000000,0.000000000,0.000000000,100000005568407100,peripheral
84,1,1,0.000000000,100000008117324100,Нет переводов в выгрузке; назначение неизвестно.,1.000000000,0.000000000,0.000000000,100000008117324100,peripheral
85,1,1,0.000000000,100000008205000100,Нет переводов в выгрузке; назначение неизвестно.,1.000000000,0.000000000,0.000000000,100000008205000100,peripheral
86,1,1,0.000000000,100000008513251100,Нет переводов в выгрузке; назначение неизвестно.,1.000000000,0.000000000,0.000000000,100000008513251100,peripheral
87,1,1,0.000000000,100000008669037100,Нет переводов в выгрузке; назначение неизвестно.,1.000000000,0.000000000,0.000000000,100000008669037100,peripheral
88,1,1,0.000000000,100000008701222100,Нет переводов в выгрузке; назначение неизвестно.,1.000000000,0.000000000,0.000000000,100000008701222100,peripheral
